-- Script d'insertion des données de test
USE tifosi;

INSERT INTO marque (id_marque, nom) VALUES (1, 'Coca-cola');
INSERT INTO marque (id_marque, nom) VALUES (2, 'Cristalline');
INSERT INTO marque (id_marque, nom) VALUES (3, 'Monster');
INSERT INTO marque (id_marque, nom) VALUES (4, 'Pepsico');
INSERT INTO boisson (id_boisson, nom, id_marque) VALUES (1, 'Coca-cola zéro', 1);
INSERT INTO boisson (id_boisson, nom, id_marque) VALUES (2, 'Coca-cola original', 1);
INSERT INTO boisson (id_boisson, nom, id_marque) VALUES (3, 'Fanta citron', 1);
INSERT INTO boisson (id_boisson, nom, id_marque) VALUES (4, 'Fanta orange', 1);
INSERT INTO boisson (id_boisson, nom, id_marque) VALUES (5, 'Capri-sun', 1);
INSERT INTO boisson (id_boisson, nom, id_marque) VALUES (6, 'Pepsi', 4);
INSERT INTO boisson (id_boisson, nom, id_marque) VALUES (7, 'Pepsi Max Zéro', 4);
INSERT INTO boisson (id_boisson, nom, id_marque) VALUES (8, 'Lipton zéro citron', 4);
INSERT INTO boisson (id_boisson, nom, id_marque) VALUES (9, 'Lipton Peach', 4);
INSERT INTO boisson (id_boisson, nom, id_marque) VALUES (10, 'Monster energy ultra gold', 3);
INSERT INTO boisson (id_boisson, nom, id_marque) VALUES (11, 'Monster energy ultra blue', 3);
INSERT INTO boisson (id_boisson, nom, id_marque) VALUES (12, 'Eau de source ', 2);
INSERT INTO ingredient (id_ingredient, nom) VALUES (1, 'Ail');
INSERT INTO ingredient (id_ingredient, nom) VALUES (2, 'Ananas');
INSERT INTO ingredient (id_ingredient, nom) VALUES (3, 'Artichaut');
INSERT INTO ingredient (id_ingredient, nom) VALUES (4, 'Bacon');
INSERT INTO ingredient (id_ingredient, nom) VALUES (5, 'Base Tomate');
INSERT INTO ingredient (id_ingredient, nom) VALUES (6, 'Base crème');
INSERT INTO ingredient (id_ingredient, nom) VALUES (7, 'Champignon');
INSERT INTO ingredient (id_ingredient, nom) VALUES (8, 'Chevre');
INSERT INTO ingredient (id_ingredient, nom) VALUES (9, 'Cresson');
INSERT INTO ingredient (id_ingredient, nom) VALUES (10, 'Emmental');
INSERT INTO ingredient (id_ingredient, nom) VALUES (11, 'Gorgonzola');
INSERT INTO ingredient (id_ingredient, nom) VALUES (12, 'Jambon cuit');
INSERT INTO ingredient (id_ingredient, nom) VALUES (13, 'Jambon fumé');
INSERT INTO ingredient (id_ingredient, nom) VALUES (14, 'Oeuf');
INSERT INTO ingredient (id_ingredient, nom) VALUES (15, 'Oignon');
INSERT INTO ingredient (id_ingredient, nom) VALUES (16, 'Olive noire');
INSERT INTO ingredient (id_ingredient, nom) VALUES (17, 'Olive verte');
INSERT INTO ingredient (id_ingredient, nom) VALUES (18, 'Parmesan');
INSERT INTO ingredient (id_ingredient, nom) VALUES (19, 'Piment');
INSERT INTO ingredient (id_ingredient, nom) VALUES (20, 'Poivre');
INSERT INTO ingredient (id_ingredient, nom) VALUES (21, 'Pomme de terre');
INSERT INTO ingredient (id_ingredient, nom) VALUES (22, 'Raclette');
INSERT INTO ingredient (id_ingredient, nom) VALUES (23, 'Salami');
INSERT INTO ingredient (id_ingredient, nom) VALUES (24, 'Tomate cerise');
INSERT INTO ingredient (id_ingredient, nom) VALUES (25, 'Mozarella');
INSERT INTO focaccia (id_focaccia, nom, prix) VALUES (1, 'Mozaccia', 9.8);
INSERT INTO focaccia (id_focaccia, nom, prix) VALUES (2, 'Gorgonzollaccia', 10.8);
INSERT INTO focaccia (id_focaccia, nom, prix) VALUES (3, 'Raclaccia', 8.9);
INSERT INTO focaccia (id_focaccia, nom, prix) VALUES (4, 'Emmentalaccia', 9.8);
INSERT INTO focaccia (id_focaccia, nom, prix) VALUES (5, 'Tradizione', 8.9);
INSERT INTO focaccia (id_focaccia, nom, prix) VALUES (6, 'Hawaienne', 11.2);
INSERT INTO focaccia (id_focaccia, nom, prix) VALUES (7, 'Américaine', 10.8);
INSERT INTO focaccia (id_focaccia, nom, prix) VALUES (8, 'Paysanne', 12.8);
